"0","  # Step 1: Adjusted non-equi join to merge by mpan and datetime >= agreement_valid_from
  result <- consumption_data[agreement_data_collapsed, 
                             on = .(mpan, datetime >= agreement_valid_from),
                             .(mpan, datetime,consumption_kwh, hashed_meter_point_id, 
                               cosy, is_variable, 
                               agreement_valid_from, agreement_valid_to),
                             nomatch = 0, allow.cartesian = TRUE]
"
"2","Error: vector memory exhausted (limit reached?)
"
